"","Year","Train_LL","Test_LL"
"1",2012,0.48529010517817,0.472709131397613
"2",2013,0.478654676822228,0.474279527172713
"3",2014,0.481822871652673,0.488216066112679
"4",2015,0.484073694898327,0.483801257997947
