"","Year","Train_LL","Test_LL"
"1","2012",0.479133826417723,0.49689579477491
"2","2013",0.474053041645585,0.492092118904073
"3","2014",0.48062110050238,0.492942137956484
"4","2015",0.480220270731946,0.499999761404306
"5","2016",0.488748320685273,0.504429593556733
"6","2017",0.49510422690496,0.508175164597382
"7","Average",0.482980131147978,0.499089095198981
